{
  "num_cases": 558,
  "avg_missing": 0.5197132616487455,
  "avg_hallucinated": 1.025089605734767,
  "avg_contradictions": 0.27060931899641577,
  "avg_ref_precision": 0.82799965864482,
  "avg_ref_recall": 0.823433257304225,
  "avg_ref_f1": 0.82532466467286,
  "avg_bleu": 0.9940326796808123,
  "avg_rouge_l_f": 0.9976119292998237,
  "avg_llm_completeness": null,
  "avg_llm_grounding": null,
  "avg_llm_clinical_accuracy": null
}