{
  "num_cases": 558,
  "avg_missing": 0.4551971326164875,
  "avg_hallucinated": 1.8835125448028673,
  "avg_contradictions": 0.7365591397849462,
  "avg_ref_precision": 0.6565588139175815,
  "avg_ref_recall": 0.7924082090748759,
  "avg_ref_f1": 0.7034107488224657,
  "avg_bleu": 0.0,
  "avg_rouge_l_f": 0.0,
  "avg_llm_completeness": null,
  "avg_llm_grounding": null,
  "avg_llm_clinical_accuracy": null
}