id,missing_count,hallucinated_count,contradictions_count,ref_precision,ref_recall,ref_f1
ex_000000,0,1,0,1.0,1.0,1.0
ex_000001,0,3,2,1.0,1.0,1.0
ex_000002,2,4,1,0.7142857142857143,1.0,0.8333333333333333
ex_000003,1,2,1,0.0,0.0,0.0
ex_000004,0,2,1,0.3333333333333333,1.0,0.5
ex_000005,0,4,1,0.5,1.0,0.6666666666666666
ex_000006,1,5,1,0.5,0.6666666666666666,0.5714285714285715
ex_000007,0,2,1,0.5,1.0,0.6666666666666666
ex_000008,0,2,1,0.0,0.0,0.0
