{
  "num_cases": 558,
  "avg_missing": 0.48028673835125446,
  "avg_hallucinated": 0.9605734767025089,
  "avg_contradictions": 0.25985663082437277,
  "avg_ref_precision": 0.8050974413877637,
  "avg_ref_recall": 0.8008297258297257,
  "avg_ref_f1": 0.8025931250058363,
  "avg_bleu": 0.9887319825370479,
  "avg_rouge_l_f": 0.9955067492875102,
  "avg_llm_completeness": null,
  "avg_llm_grounding": null,
  "avg_llm_clinical_accuracy": null
}