{
  "num_cases": 558,
  "avg_missing": 0.44802867383512546,
  "avg_hallucinated": 1.8584229390681004,
  "avg_contradictions": 0.7258064516129032,
  "avg_ref_precision": 0.6583116475905852,
  "avg_ref_recall": 0.7878308295647003,
  "avg_ref_f1": 0.7030888752238226,
  "avg_bleu": 0.9728015305655561,
  "avg_rouge_l_f": 0.9878716392535655,
  "avg_llm_completeness": null,
  "avg_llm_grounding": null,
  "avg_llm_clinical_accuracy": null
}